<jboss-deployment-structure xmlns="urn:jboss:deployment-structure:1.1">
    <deployment>
        <exclusions>
            <module name="org.apache.log4j" />
        </exclusions>        
    </deployment>
    <sub-deployment name="notifier-ejb-11.1.0.jar">
        <exclusions>
            <module name="org.apache.log4j" />
        </exclusions>
    </sub-deployment>    
	<sub-deployment name="notifier-sar-11.1.0.sar">
		<exclusions>
			<module name="org.apache.log4j" />
		</exclusions>
	</sub-deployment>
</jboss-deployment-structure>