<?xml version="1.0" encoding="UTF-8"?>
<wsp:Policy wsu:Id="UTOverTransport" xmlns:wsu="http://docs.oasis-open.org/wss/2004/01/oasis-200401-wss-wssecurity-utility-1.0.xsd" xmlns:wsp="http://schemas.xmlsoap.org/ws/2004/09/policy">
	<wsp:ExactlyOne>
	  <wsp:All>
		<sp:TransportBinding xmlns:sp="http://schemas.xmlsoap.org/ws/2005/07/securitypolicy">
		  <wsp:Policy>
			<sp:TransportToken>
			  <wsp:Policy>
				<sp:HttpsToken RequireClientCertificate="false"/>
			  </wsp:Policy>
			</sp:TransportToken>
			<sp:AlgorithmSuite>
			  <wsp:Policy>
				<sp:Basic128/>
			  </wsp:Policy>
			</sp:AlgorithmSuite>
			<sp:Layout>
			  <wsp:Policy>
				<sp:Lax/>
			  </wsp:Policy>
			</sp:Layout>
			<sp:IncludeTimestamp/>
		  </wsp:Policy>
		</sp:TransportBinding>
		<sp:SignedSupportingTokens xmlns:sp="http://schemas.xmlsoap.org/ws/2005/07/securitypolicy">
			<wsp:Policy>
				<sp:UsernameToken sp:IncludeToken="http://schemas.xmlsoap.org/ws/2005/07/securitypolicy/IncludeToken/AlwaysToRecipient" />
		  </wsp:Policy>
		</sp:SignedSupportingTokens>
		
		<ramp:RampartConfig xmlns:ramp="http://ws.apache.org/rampart/policy"> 
			<ramp:user>s4ltn3eds4n4m3</ramp:user>
			<ramp:passwordCallbackClass>com.travelex.notifier.client.salt.SaltPasswordHandler</ramp:passwordCallbackClass>
		</ramp:RampartConfig>
		
	  </wsp:All>
	</wsp:ExactlyOne>
</wsp:Policy>