<?xml version="1.0" encoding="utf-8"?><wsdl:definitions targetNamespace="urn:Order" xmlns:wsdl="http://schemas.xmlsoap.org/wsdl/" xmlns:soap="http://schemas.xmlsoap.org/wsdl/soap/" xmlns:soapenc="http://schemas.xmlsoap.org/soap/encoding/" xmlns:wsu="http://docs.oasis-open.org/wss/2004/01/oasis-200401-wss-wssecurity-utility-1.0.xsd" xmlns:xsd="http://www.w3.org/2001/XMLSchema" xmlns:soap12="http://schemas.xmlsoap.org/wsdl/soap12/" xmlns:tns="urn:Order" xmlns:wsa="http://schemas.xmlsoap.org/ws/2004/08/addressing" xmlns:wsp="http://schemas.xmlsoap.org/ws/2004/09/policy" xmlns:wsap="http://schemas.xmlsoap.org/ws/2004/08/addressing/policy" xmlns:wsaw="http://www.w3.org/2006/05/addressing/wsdl" xmlns:msc="http://schemas.microsoft.com/ws/2005/12/wsdl/contract" xmlns:wsa10="http://www.w3.org/2005/08/addressing" xmlns:wsx="http://schemas.xmlsoap.org/ws/2004/09/mex" xmlns:wsam="http://www.w3.org/2007/05/addressing/metadata"><wsdl:types><xsd:schema targetNamespace="urn:Order/Imports"><xsd:import schemaLocation="TomServiceSchema.xsd" namespace="urn:SALTServices"/></xsd:schema></wsdl:types><wsdl:message name="PostRequest"><wsdl:part name="parameters" element="q1:OrderPost" xmlns:q1="urn:SALTServices"/></wsdl:message><wsdl:message name="PostResponse"><wsdl:part name="parameters" element="q2:OrderPostResponse" xmlns:q2="urn:SALTServices"/></wsdl:message><wsdl:message name="UpdateRequest"><wsdl:part name="parameters" element="q3:OrderUpdate" xmlns:q3="urn:SALTServices"/></wsdl:message><wsdl:message name="UpdateResponse"><wsdl:part name="parameters" element="q4:OrderUpdateResponse" xmlns:q4="urn:SALTServices"/></wsdl:message><wsdl:portType name="IOrder"><wsdl:operation name="_x0023_Post"><wsdl:input wsaw:Action="urn:Order#Post" name="PostRequest" message="tns:PostRequest"/><wsdl:output wsaw:Action="urn:Order/IOrder/#PostResponse" name="PostResponse" message="tns:PostResponse"/></wsdl:operation><wsdl:operation name="_x0023_Update"><wsdl:input wsaw:Action="urn:Order#Update" name="UpdateRequest" message="tns:UpdateRequest"/><wsdl:output wsaw:Action="urn:Order/IOrder/#UpdateResponse" name="UpdateResponse" message="tns:UpdateResponse"/></wsdl:operation></wsdl:portType></wsdl:definitions>