<?xml version="1.0" encoding="UTF-8"?>
<beans 
	xmlns="http://www.springframework.org/schema/beans"
	xmlns:xsi="http://www.w3.org/2001/XMLSchema-instance" 
  	xmlns:jaxrs="http://cxf.apache.org/jaxrs"	
	xmlns:util="http://www.springframework.org/schema/util"
	xsi:schemaLocation="http://www.springframework.org/schema/beans 
						http://www.springframework.org/schema/beans/spring-beans.xsd
						http://www.springframework.org/schema/context 
						http://www.springframework.org/schema/context/spring-context.xsd
						http://www.springframework.org/schema/util 
						http://www.springframework.org/schema/util/spring-util.xsd
						http://cxf.apache.org/jaxrs
						http://cxf.apache.org/schemas/jaxrs.xsd
						http://cxf.apache.org/core 
						http://cxf.apache.org/schemas/core.xsd">

	<import resource="classpath:META-INF/cxf/cxf.xml" />
	<import resource="classpath*:META-INF/cxf/cxf-extension-*.xml" />

	<jaxrs:server id="ctripServer" address="/">
		<jaxrs:serviceBeans>
			<ref bean="ctripService"/>
		</jaxrs:serviceBeans>		   
	</jaxrs:server>

	<bean id="ctripService" class="com.travelex.ctrip.ws.server.ForexVendorServiceImpl"/>
	
</beans>

