<?xml version="1.0" encoding="UTF-8"?>
<beans 
	xmlns="http://www.springframework.org/schema/beans"
	xmlns:xsi="http://www.w3.org/2001/XMLSchema-instance"
	xmlns:context="http://www.springframework.org/schema/context"
	xmlns:util="http://www.springframework.org/schema/util"
	xmlns:jaxws="http://cxf.apache.org/jaxws"
	xmlns:ctrip="http://soa.ctrip.com/financialservices/Forex/ForexVendorPlatformService/types/v1"
	xsi:schemaLocation="http://www.springframework.org/schema/beans 
						http://www.springframework.org/schema/beans/spring-beans.xsd
						http://www.springframework.org/schema/context 
						http://www.springframework.org/schema/context/spring-context.xsd
						http://www.springframework.org/schema/util 
						http://www.springframework.org/schema/util/spring-util.xsd
						http://cxf.apache.org/core 
						http://cxf.apache.org/schemas/core.xsd
						http://cxf.apache.org/jaxws 
						http://cxf.apache.org/schemas/jaxws.xsd"
		>
		
	<import resource="classpath:META-INF/cxf/cxf.xml" />
	<import resource="classpath*:META-INF/cxf/cxf-extension-*.xml" />
	
	<bean id="foxwebPasswordCallback" class="com.travelex.notifier.client.ctrip.ratesupdate.ws.FoxwebPasswordCallback">
		<property name="passwords">
			<map>
		    	<entry key="nabx509v1" value="4321ban" />
		    	<entry key="saltx509v1" value="4321tlas" />
		    	<entry key="foxwebx509v1" value="4321bewxof" />
		    	<entry key="kiwibank.co.nz" value="kiwibankWs" />
		    	<entry key="wnp.ws.travelex.net" value="travelexWs" />
			</map>
		</property>
	</bean>
	
	<bean class="org.springframework.beans.factory.config.PropertyPlaceholderConfigurer">
		<property name="location" value="file:/etc/notifier/datasource.properties"></property>
		
	</bean>
	
    <bean id="dataSource" class="org.springframework.jndi.JndiObjectFactoryBean">
    	<property name="jndiName" value="${jndiName}"></property>
    </bean>
    
    <bean id="transactionManager" class="org.springframework.jdbc.datasource.DataSourceTransactionManager">
    	<property name="dataSource" ref="dataSource"></property>
    </bean>
    
    <bean id="baseDao" class="com.travelex.notifier.client.ctrip.ratesupdate.dao.BaseDao" 
     depends-on="dataSource" abstract="true">
		<property name="dataSource" ref="dataSource"></property>
		<property name="transactionManager" ref="transactionManager"></property>    
    </bean>

	<bean id="ctripRatesUpdateDao" class="com.travelex.notifier.client.ctrip.ratesupdate.dao.CtripRatesUpdateDaoImpl"
	parent="baseDao">
	</bean>

</beans>
