<?xml version="1.0" encoding="UTF-8"?>
<beans 
	xmlns="http://www.springframework.org/schema/beans"
	xmlns:xsi="http://www.w3.org/2001/XMLSchema-instance" 
	xmlns:jaxws="http://cxf.apache.org/jaxws"
	xmlns:util="http://www.springframework.org/schema/util"
	xsi:schemaLocation="http://www.springframework.org/schema/beans 
						http://www.springframework.org/schema/beans/spring-beans.xsd
						http://www.springframework.org/schema/context 
						http://www.springframework.org/schema/context/spring-context.xsd
						http://www.springframework.org/schema/util 
						http://www.springframework.org/schema/util/spring-util.xsd					
						http://cxf.apache.org/core 
						http://cxf.apache.org/schemas/core.xsd
						http://cxf.apache.org/jaxws 
						http://cxf.apache.org/schemas/jaxws.xsd">

	<import resource="classpath:META-INF/cxf/cxf.xml" />
	<import resource="classpath*:META-INF/cxf/cxf-extension-*.xml" />
	
	<bean id="foxwebPasswordCallback" class="com.travelex.salt.ws.server.UTPasswordCallback">
		<property name="passwords">
			<map>
		    	<entry key="nabx509v1" value="4321ban" />			
		    	<entry key="saltx509v1" value="4321tlas" />
		    	<entry key="foxwebx509v1" value="4321bewxof" />
		    	<entry key="s4ltn3eds4n4m3" value="cr1ck3t" />
			</map>
		</property>
	</bean>

	<jaxws:endpoint xmlns:salt="urn:SALTServices"
					id="Salt-Server" 
					address="/orderUpdate" 
					serviceName="salt:Order" 
					endpointName="salt:OrderEndpoint"
					implementor="com.travelex.salt.ws.server.SALTServerImpl">

		<jaxws:inInterceptors>
			<bean class="org.apache.cxf.interceptor.LoggingInInterceptor" />
			<bean class="org.apache.cxf.ws.security.wss4j.WSS4JInInterceptor">
				<constructor-arg>
					<map>
						<entry key="action" value="UsernameToken Timestamp" />
						<entry key="passwordType" value="PasswordText" />
						<entry key="passwordCallbackRef">
							<ref bean="foxwebPasswordCallback" />
						</entry>
					</map>
				</constructor-arg>
			</bean>
		</jaxws:inInterceptors>

		<jaxws:outInterceptors>
			<bean class="org.apache.cxf.interceptor.LoggingOutInterceptor" />
			<bean class="org.apache.cxf.ws.security.wss4j.WSS4JOutInterceptor">
				<constructor-arg>
					<map>
						<entry key="action" value="Timestamp" />
					</map>
				</constructor-arg>
			</bean>
		</jaxws:outInterceptors>		

	</jaxws:endpoint>


</beans>

