<?xml version="1.0" encoding="UTF-8" standalone="yes"?>
<ns2:connectorsListJaxb xmlns:ns2="com.travelex.notifier.domain">
    <connectorList>
        <connector>
            <id>SALT</id>
            <retries>4</retries>
            <intervals>5000,8000,10000</intervals>
            <connectorFactoryClassName>com.travelex.notifier.client.salt.SaltAdapterFactory</connectorFactoryClassName>
            <credential>
	            <targetEndpoint>https://10.234.3.73/TomService.svc</targetEndpoint>
	            <username>s4ltn3eds4n4m3</username>
	            <password>cr1ck3t</password>
            </credential>
            <email>
            	<host>smtp.travelex.com.au</host>
            	<content>text/html</content>
            	<from>foxweb@travelex.com.au</from>
            	<to>foxweb_developers@travelex.com,FoxwebTesters@travelex.com</to>
	            <subject>SALT Notification failure</subject>
	            <body>SALT has not accepted a web service message from Foxweb and must be investigated to ensure customer orders are not delayed.   
				&lt;br/&gt;
				&lt;br/&gt;
				&lt;table&gt;
				&lt;tr&gt;
					&lt;td&gt;
						Salt Order Number: 
					&lt;/td&gt;
					&lt;td&gt;
						&lt;b&gt;{0}&lt;/b&gt;
					&lt;/td&gt; 
				&lt;/tr&gt;
				&lt;tr&gt;
					&lt;td&gt;
						Status:
					&lt;/td&gt;
					&lt;td&gt;
						&lt;b&gt;{1}&lt;/b&gt;
					&lt;/td&gt; 
				&lt;/tr&gt;
				&lt;tr&gt;
					&lt;td&gt;
						Customer Name:
					&lt;/td&gt;
					&lt;td&gt;
						&lt;b&gt;{2}&lt;/b&gt;
					&lt;/td&gt; 
				&lt;/tr&gt;
				&lt;/table&gt;
			 </body>
		   </email>
        </connector>
        <connector>
            <id>NAB</id>
            <retries>4</retries>
            <intervals>5000,8000,10000</intervals>
            <connectorFactoryClassName>com.travelex.foxweb.notifier.client.nab.NabAdapterFactory</connectorFactoryClassName>
            <credential>
	            <targetEndpoint>http://localhost:6060/axis2/services/Order</targetEndpoint>
	            <username/>
	            <password/>
            </credential>
            <email>
            	<host>AU-SYD-EX-VS1.apac.travelex.net</host>
            	<content>text/html</content>
            	<from>Foxweb</from>
            	<to>foxweb_developers@travelex.com</to>
            	<subject>NAB Notification Test Email</subject>
            	<body>This is a test email. Please do not reply.</body>
            </email>
        </connector>
			<connector>
            <id>CTRIP</id>
            <retries>4</retries>
			<intervals>5000,8000,10000</intervals>
            <connectorFactoryClassName>com.travelex.notifier.client.ctrip.CtripAdapterFactory</connectorFactoryClassName>
            <credential>
  	       	<targetEndpoint>http://localhost:10000/notifier-ctrip-ws-server/services/ctrip</targetEndpoint>  
                <username>nabx509v1</username>
                <password>4321ban</password>
            </credential>
            <email>
            	<host>smtp.travelex.com.au</host>
            	<content>text/html</content>
            	<from>foxweb@travelex.com.au</from>
                <to>Sehej.Kaur@travelex.com</to>
	            <subject>CTRIP Notification failure - TEST environment</subject>
	            <body>technical error in CTRIP web service.   
				&lt;br/&gt;
				&lt;br/&gt;
				&lt;b&gt;{0}&lt;/b&gt;
			 </body>
            </email>
        </connector>
        <connector>
            <id>CTRIP_ORDERUPDATE</id>
            <retries>2</retries>
	    <!-- <intervals>5000,8000,10000</intervals> -->
            <intervals>60000,300000</intervals>
            <connectorFactoryClassName>com.travelex.notifier.client.ctrip.orderupdate.CtripOrderUpdateAdapterFactory</connectorFactoryClassName>
            <credential>
  			<targetEndpoint>http://localhost:10100/notifier-ctrip-ws-server/services/ctrip</targetEndpoint>
			 <!--   		<targetEndpoint>http://ctrip.com/notifier-ctrip-ws-server/services/ctrip</targetEndpoint> -->
                <username>nabx509v1</username>
                <password>4321ban</password>
            </credential>
            <email>
            	<host>smtp.travelex.com.au</host>
            	<content>text/html</content>
            	<from>foxweb@travelex.com.au</from>
                <to>foxweb_developers@travelex.com</to>
	            <subject>CTRIP Notification failure - TEST environment</subject>
	            <body>Technical issue in CTRIP - ORDER UPDATE notifier service.   
				&lt;br/&gt;
				&lt;br/&gt;
				&lt;b&gt;{0}&lt;/b&gt;
			 </body>
            </email>
        </connector>
		<connector>
            <id>CTRIP_RATESUPDATE</id>
            <retries>2</retries>
	    <!-- <intervals>5000,8000,10000</intervals> -->
            <intervals>60000,300000</intervals>
            <connectorFactoryClassName>com.travelex.notifier.client.ctrip.ratesupdate.CtripRatesUpdateAdapterFactory</connectorFactoryClassName>
            <credential>
  			<targetEndpoint>http://localhost:10100/notifier-ctrip-ws-server/services/ctrip</targetEndpoint>
			 <!--   		<targetEndpoint>http://ctrip.com/notifier-ctrip-ws-server/services/ctrip</targetEndpoint> -->
                <username>nabx509v1</username>
                <password>4321ban</password>
            </credential>
            <email>
            	<host>smtp.travelex.com.au</host>
            	<content>text/html</content>
            	<from>foxweb@travelex.com.au</from>
                <to>foxweb_developers@travelex.com</to>
	            <subject>CTRIP Notification failure - TEST environment</subject>
	            <body>Technical issue in CTRIP - RATES UPDATE notifier service.   
				&lt;br/&gt;
				&lt;br/&gt;
				&lt;b&gt;{0}&lt;/b&gt;
			 </body>
            </email>
        </connector>
    </connectorList>
</ns2:connectorsListJaxb>
