<?xml version="1.0" encoding="UTF-8"?>
<beans 
	xmlns="http://www.springframework.org/schema/beans"
	xmlns:xsi="http://www.w3.org/2001/XMLSchema-instance" 
	xmlns:jaxws="http://cxf.apache.org/jaxws"
	xmlns:util="http://www.springframework.org/schema/util"
	xsi:schemaLocation="http://www.springframework.org/schema/beans 
						http://www.springframework.org/schema/beans/spring-beans.xsd
						http://www.springframework.org/schema/context 
						http://www.springframework.org/schema/context/spring-context.xsd
						http://www.springframework.org/schema/util 
						http://www.springframework.org/schema/util/spring-util.xsd					
						http://cxf.apache.org/core 
						http://cxf.apache.org/schemas/core.xsd
						http://cxf.apache.org/jaxws 
						http://cxf.apache.org/schemas/jaxws.xsd">

	<import resource="classpath:META-INF/cxf/cxf.xml" />
	<import resource="classpath*:META-INF/cxf/cxf-extension-*.xml" />
	
	<bean id="foxwebPasswordCallback" class="com.travelex.ctrip.ws.server.UTPasswordCallback">
		<property name="passwords">
			<map>
		    	<entry key="nabx509v1" value="4321ban" />			
		    	<entry key="saltx509v1" value="4321tlas" />
		    	<entry key="foxwebx509v1" value="4321bewxof" />
			</map>
		</property>
	</bean>

	<jaxws:endpoint xmlns:ctrip="http://soa.ctrip.com/financialservices/Forex/ForexVendorPlatformService/types/v1"
						id="CTripService-Server" 
						address="/ctrip" 
						serviceName="ctrip:ForexVendorService" 
						endpointName="ctrip:ForexVendorServiceEndpoint"
						implementor="com.travelex.ctrip.ws.server.ForexVendorServiceServerImpl">
	
			<jaxws:inInterceptors>
				<bean class="org.apache.cxf.interceptor.LoggingInInterceptor"/>
			</jaxws:inInterceptors>	
	 
			<jaxws:outInterceptors>
				<bean class="org.apache.cxf.interceptor.LoggingOutInterceptor"/>			
			</jaxws:outInterceptors>		
	
	</jaxws:endpoint>

</beans>

